﻿<?xml version="1.0" encoding="utf-8" ?>
  <log4net>
    <appender name="RollingFileAppender" type="log4net.Appender.RollingFileAppender">
      <file type="log4net.Util.PatternString" value="BikeTouringGIS_%property{LogFileDate}.xml" />
      <appendToFile value="true" />
      <datePattern value="yyyyMMdd" />
      <rollingStyle value="Size" />
      <maxSizeRollBackups value="10" />
      <staticLogFileName value="true" />
      <layout type="log4net.Layout.XmlLayoutSchemaLog4j">
         <locationInfo value="true" />
      </layout>
    </appender>
    <root>
      <level value="ALL" />
      <!--<level value="INFO" />-->
      <appender-ref ref="RollingFileAppender" />
    </root>
  </log4net>