<?xml version="1.0"?>
<doc>
    <assembly>
        <name>VersionHelpers</name>
    </assembly>
    <members>
        <member name="T:System.Windows.VersionHelpers">
            <summary>
            Provides static methods that can be used to determine the current OS version or identify
            whether it is a Windows or Windows Server release.
            </summary>
        </member>
        <member name="M:System.Windows.VersionHelpers.IsWindowsVersionOrGreater(System.Int32,System.Int32,System.Int32)">
            <summary>
            Indicates if the current OS version matches, or is greater than, the provided version
            information. This method is useful in confirming a version of Windows Server that
            doesn't share a version number with a client release.
            </summary>
            <remarks>
            You should only use this method if the other provided version helper methods do not fit
            your scenario.
            </remarks>
            <exception cref="T:System.ArgumentOutOfRangeException">
            <paramref name="majorVersion"/> is smaller than 5 or <paramref name="minorVersion"/>
            and/or <paramref name="servicePackMajor"/> are smaller than 0.
            </exception>
            <param name="majorVersion">The major OS version number.</param>
            <param name="minorVersion">The minor OS version number.</param>
            <param name="servicePackMajor">The major Service Pack version number.</param>
            <returns>True if the specified version matches, or is greater than, the version of the
            current Windows OS; otherwise, false.</returns>
        </member>
        <member name="M:System.Windows.VersionHelpers.IsWindowsXPOrGreater">
            <summary>
            Indicates if the current OS version matches, or is greater than, the Windows XP version.
            </summary>
            <returns>True if the current OS version matches, or is greater than, the Windows XP
            version; otherwise, false.</returns>
        </member>
        <member name="M:System.Windows.VersionHelpers.IsWindowsXPSP1OrGreater">
            <summary>
            Indicates if the current OS version matches, or is greater than, the Windows XP with
            Service Pack 1 (SP1) version.
            </summary>
            <returns>True if the current OS version matches, or is greater than, the Windows XP
            with SP1 version; otherwise, false.</returns>
        </member>
        <member name="M:System.Windows.VersionHelpers.IsWindowsXPSP2OrGreater">
            <summary>
            Indicates if the current OS version matches, or is greater than, the Windows XP with
            Service Pack 2 (SP2) version.
            </summary>
            <returns>True if the current OS version matches, or is greater than, the Windows XP
            with SP2 version; otherwise, false.</returns>
        </member>
        <member name="M:System.Windows.VersionHelpers.IsWindowsXPSP3OrGreater">
            <summary>
            Indicates if the current OS version matches, or is greater than, the Windows XP with
            Service Pack 3 (SP3) version.
            </summary>
            <returns>True if the current OS version matches, or is greater than, the Windows XP
            with SP3 version; otherwise, false.</returns>
        </member>
        <member name="M:System.Windows.VersionHelpers.IsWindowsVistaOrGreater">
            <summary>
            Indicates if the current OS version matches, or is greater than, the Windows Vista
            version.
            </summary>
            <returns>True if the current OS version matches, or is greater than, the Windows Vista
            version; otherwise, false.</returns>
        </member>
        <member name="M:System.Windows.VersionHelpers.IsWindowsVistaSP1OrGreater">
            <summary>
            Indicates if the current OS version matches, or is greater than, the Windows Vista with
            Service Pack 1 (SP1) version.
            </summary>
            <returns>True if the current OS version matches, or is greater than, the Windows Vista
            with SP1 version; otherwise, false.</returns>
        </member>
        <member name="M:System.Windows.VersionHelpers.IsWindowsVistaSP2OrGreater">
            <summary>
            Indicates if the current OS version matches, or is greater than, the Windows Vista with
            Service Pack 2 (SP2) version.
            </summary>
            <returns>True if the current OS version matches, or is greater than, the Windows Vista
            with SP2 version; otherwise, false.</returns>
        </member>
        <member name="M:System.Windows.VersionHelpers.IsWindows7OrGreater">
            <summary>
            Indicates if the current OS version matches, or is greater than, the Windows 7 version.
            </summary>
            <returns>True if the current OS version matches, or is greater than, the Windows 7
            version; otherwise, false.</returns>
        </member>
        <member name="M:System.Windows.VersionHelpers.IsWindows7SP1OrGreater">
            <summary>
            Indicates if the current OS version matches, or is greater than, the Windows 7 with
            Service Pack 1 (SP1) version.
            </summary>
            <returns>True if the current OS version matches, or is greater than, the Windows 7 with
            SP1 version; otherwise, false.</returns>
        </member>
        <member name="M:System.Windows.VersionHelpers.IsWindows8OrGreater">
            <summary>
            Indicates if the current OS version matches, or is greater than, the Windows 8 version.
            </summary>
            <returns>True if the current OS version matches, or is greater than, the Windows 8
            version; otherwise, false.</returns>
        </member>
        <member name="M:System.Windows.VersionHelpers.IsWindows8Point1OrGreater">
            <summary>
            Indicates if the current OS version matches, or is greater than, the Windows 8.1
            version.
            </summary>
             <returns>True if the current OS version matches, or is greater than, the Windows 8.1
            version; otherwise, false.</returns>
        </member>
        <member name="M:System.Windows.VersionHelpers.IsWindows10OrGreater">
            <summary>
            Indicates if the current OS version matches, or is greater than, the Windows 10
            version.
            </summary>
             <returns>True if the current OS version matches, or is greater than, the Windows 10
            version; otherwise, false.</returns>
        </member>
        <member name="M:System.Windows.VersionHelpers.IsWindowsServer">
            <summary>
            Indicates if the current OS is a Windows Server release. Applications that need to
            distinguish between server and client versions of Windows should call this method.
            </summary>
            <returns>True if the current OS is a Windows Server version; otherwise, false.</returns>
        </member>
    </members>
</doc>
